Nome,CPF
Renan Lopes,43034628045
Carolina Moreira,19943923796
Levi Novaes,85728241356
Bárbara Barros,50515042713
Heloísa Caldeira,13855455366
Milena da Cunha,7202170041
Raquel da Luz,46775902997
Davi Lucas Melo,14252534132
Esther da Cunha,48033273802
Benício Jesus,27566478159
Cauã Gonçalves,33376382075
Augusto Peixoto,68378648391
Rebeca Martins,48959115228
Davi Lucas da Mata,55312488801
Erick Silveira,37982789213
Sarah Correia,17303018056
Evelyn Costa,91935386025
Marcelo Freitas,75819074041
João Campos,258175056